insert into roles values
(1,'Administrador'),
(2, 'Empleado');

insert into usuarios values
(1, 'Juan', 'Perez', 'prueba', 'a665a45920422f9d417e4867efdc4fb8a04a1f3fff1fa07e998e86f7f7a27ae3', '31526785', 'juanp@gmail.com', '11526789254', 1),
(2, 'Fabiana', 'Altamirano', 'fabi', '5994471abb01112afcc18159f6cc74b4f511b99806da59b3caf5a9c173cacfc5', '37506998', 'fabial@gmail.com', '1152589163', 2);

INSERT INTO socios (id_socio, nombre, apellido, dni, email, telefono, apto_fisico, estado) VALUES
(1,'Danilo','Yatra','38523664','daniloyatra@gmail.com','114998526',1,1),
(2,'Sebastian','Gonzalez','38515806','sebagonzalez@gmail.com','114990527',1,1),
(3,'Geronimo','Rulli','37885602','gero.rulli@gmail.com','114850360',1,1),
(4,'Bautista','Arce','41050223','bautista.arce@gmail.com','2214987008',1,1),
(5,'Alba','Danubio','29699822','albadanu@gmail.com','2213569993',1,1),
(6,'Homero','Jara','18228858','homerojara@gmail.com','2214778906',1,1),
(7,'Helena','Rosso','20414771','helenarosso@gmail.com','2214778550',1,1),
(8,'Prisila','Oca','34746667','prisilaoca@gmail.com','2253699858',1,1),
(9,'Lorenzo','Sastre','36652023','lorenzosas@gmail.com','116989741',1,1),
(10,'Ricardo','Duran','22599818','ricDuran@gmail.com','114225362',1,1),
(11,'Santino','Lugo','31447711','santilugo@gmail.com','112441153',1,1),
(12,'sandro','Idra','20266980','sandroidra@gmail.com','221400503',1,1),
(13,'Ivan','Sorredo','35606331','ivanso@gmail.com','221447850',1,1),
(14,'Ivana','Ramos','29332264','ivanaRamos@gmail.com','112036580',1,1),
(15,'Ramon','Corso','21005587','ramonco@gmail.com','2212400515',1,1),
(16,'Favio','Flandes','26885470','favioflan@gmail.com','113692315',1,1),
(17,'Alfredo','Tapia','32335608','alfredTapia@gmail.com','221369875',1,1),
(18,'Cielo','Flama','34789103','cielofla@gmail.com','2213569006',1,1),
(19,'Helena','Jordan','19520202','helenajor@gmail.com','110253657',1,1),
(20,'Victor','Thorton','29889523','victort@gmail.com','2214782360',1,1),
(21,'Julian','Prodan','36201487','juliprodan@gmail.com','113204726',1,1),
(22,'Vilma','Retegi','28498705','vilmarete@gmail.com','2216303324',1,1),
(23,'Sonia','Lemos','36574198','sonialemos@gma.com','2263633188',1,1),
(24,'Mariana','Esteche','40230156','marianeste@gmail.com','1123005403',1,1),
(25,'Fabiana','Nandes','38717119','fabinandes@gmail.com','116990807',1,1),
(26,'Claudio','Martínez','32159874','claudiomartinez@gmail.com','1136587412',1,1),
(27,'Luciana','Pérez','34896215','lucianaperez@gmail.com','1124587896',1,1),
(28,'Tomás','Giménez','39012658','tomasgimenez@gmail.com','1169743025',1,1),
(29,'Camila','Reinoso','40123876','camilareinoso@gmail.com','2214789652',1,1),
(30,'Mateo','Quinteros','37014589','mateoquin@gmail.com','1132214785',1,1),
(31,'Julieta','Salvatierra','38501245','julietasalva@gmail.com','1145569023',1,1),
(32,'Nahuel','Vega','34219875','nahuelvega@gmail.com','2213658741',1,1),
(33,'Valentina','Coronel','35987412','valencoronel@gmail.com','1163058741',1,1),
(34,'Agustín','Moreira','33456890','agusmoreira@gmail.com','1124789651',1,1),
(35,'Paula','Domínguez','28865473','pauladinguez@gmail.com','2214786302',1,1);


INSERT INTO noSocios (id_noSocio, nombre, apellido, dni, email, telefono, apto_fisico) VALUES
(1,'Marina','Wolf','39005853','marinawolf@gmail.com','115448527',1),
(2,'Gergina','Viola','39885141','georviola@gmail.com','113558963',1),
(3,'Amanda','Corso','37455621','amandacor@gmail.com','114774123',1),
(4,'Luna','Hoz','32565908','luna.hoz@gmail.com','2215444781',1),
(5,'Paolo','Roca','15205665','paoloroca@gmail.com','1155560632',1),
(6,'Zaira','Lemos','39711145','zairalemos@gmail.com','113665220',1),
(7,'Jose','Durant','18202514','josedurant@gmail.com','113669951',1),
(8,'Marcelo','Woss','39045899','marcewoss@gmail.com','1154120063',1),
(9,'Gabriel','Klopp','22310025','gabriel.kloss@gmail.com','112365855',1),
(10,'Fausto','Vera','38502301','favera@gmail.com','113226599',1),
(11,'Norberto','Art','22101102','roberArt@gmail.com','1123599811',1),
(12,'Silvia','Riquelme','24154447','silRiquelme@gmail.com','221422303',1),
(13,'Mia','Ordoñez','31006517','miaorde@gmail.com','2246987124',1);

INSERT INTO cuotas (idCuota, valor_cuota, fecha_pago, fecha_vencimiento, fecha_prox_vencimiento, forma_pago, cantidad_cuotas, estado, fk_socio) VALUES
(1,12500,'2025-05-14','2025-05-18','2025-06-18','Efectivo',1,1,1),
(2,12500,'2025-04-09','2025-04-10','2025-05-10','Efectivo',1,1,2),
(3,12500,'2025-05-16','2025-05-17','2025-06-17','Efectivo',1,1,3),
(4,12500,'2025-05-13','2025-05-19','2025-06-19','Efectivo',1,1,4),
(5,12500,'2025-05-12','2025-05-20','2025-06-20','Tarjeta de Crédito',6,1,5),
(6,12500,'2025-05-28','2025-05-29','2025-06-29','Efectivo',1,1,6),
(7,12500,'2025-05-21','2025-05-21','2025-06-21','Efectivo',1,1,7),
(8,12500,'2025-05-21','2025-05-22','2025-06-22','Tarjeta de Crédito',3,1,8),
(9,12500,'2025-05-23','2025-05-23','2025-06-23','Efectivo',1,1,9),
(10,12500,'2025-05-24','2025-05-24','2025-06-24','Efectivo',1,1,10),
(11,12500,'2025-05-30','2025-05-30','2025-06-30','Efectivo',1,1,11),
(12,12500, '2025-05-18','2025-05-19','2025-06-19','Efectivo',1,1,12),
(13,12500,'2025-05-20','2025-05-21','2025-06-21','Efectivo',1,1,13),
(14,12500,'2025-05-21','2025-05-22','2025-06-22','Efectivo',1,1,14),
(15,12500,'2025-05-12','2025-05-22','2025-06-22','Efectivo',1,1,14),
(16,12500,'2025-05-12','2025-05-12','2025-06-12','Efectivo',1,1,15),
(17,12500,'2025-05-22','2025-05-23','2025-06-23','Efectivo',1,1,16),
(18,12500,'2025-05-23','2025-05-24','2025-06-24','Efectivo',1,1,17),
(19,12500,'2025-05-24','2025-05-25','2025-06-25','Efectivo',1,1,18),
(20,12500,'2025-05-25','2025-05-26','2025-06-26','Tarjeta de Crédito',6,1,1),
(21,12500,'2025-06-02','2025-06-01','2025-07-01','Tarjeta de Crédito',3,1,19),
(22,12500,'2025-05-27','2025-05-27','2025-06-27','Efectivo',1,1,20),
(23,12500,'2025-05-28','2025-05-28','2025-06-28','Efectivo',1,1,21),
(24,12500,'2025-05-25','2025-05-25','2025-06-25','Efectivo',1,1,22),
(25,12500,'2025-06-04','2025-06-04','2025-07-04','Tarjeta de Crédito',6,1,23),
(26,12500,'2025-05-22','2025-05-23','2025-06-23','Efectivo',1,1,24),
(27,12500,'2025-05-23','2025-05-24','2025-06-24','Efectivo',1,1,25),
(28,12500,'2025-06-02','2025-06-02','2025-07-02','Efectivo',1,1,26),
(29,12500,'2025-06-03','2025-06-03','2025-07-03','Efectivo',1,1,27),
(30,12500,'2025-05-07','2025-05-07','2025-06-07','Efectivo',1,1,28),
(31,12500,'2025-05-08','2025-05-08','2025-06-08','Efectivo',1,1,29),
(32,12500,'2025-05-09','2025-05-09','2025-06-09','Efectivo',1,1,30),
(33,12500,'2025-05-11','2025-05-11','2025-06-11','Efectivo',1,1,31),
(34,12500,'2025-05-15','2025-05-12','2025-06-15','Efectivo',1,1,32),
(35,12500,'2025-05-13','2025-05-13','2025-06-13','Efectivo',1,1,33),
(36,12500,'2025-05-14','2025-05-14','2025-06-14','Efectivo',1,1,34),
(37,12500,'2025-05-16','2025-05-16','2025-06-16','Efectivo',1,1,35);

insert into actividades values
(1, 'yoga', 5500.0, 100, 50, 100, 50),
(2, 'pilates', 4850.0, 100, 50, 100, 50),
(3, 'tonificacion', 5500, 100, 50, 100, 50),
(4, 'defensa personal', 7000.0, 100, 50, 100, 50);

INSERT INTO act_nosocios (id_act, id_noSocio, dia_habilitado, monto_pagado) VALUES
(1,1,'2025-04-14',5500),
(1,5,'2025-01-11', 5500),
(2,1,'2025-05-10',4850),
(2,2,'2025-05-12',4850),
(2,4,'2025-03-10',4850),
(2,7,'2025-04-15',4850),
(2,11,'2025-04-12',4850),
(2,13,'2025-05-14',4850),
(3,10,'2025-05-15',4500),
(4,2,'2025-05-11',4000),
(4,3,'2025-05-09',4000);